Air volume,Air pressure,Time,Ejection velocity,Dust,Rocket mass,Tilt,Rocket velocity,Air resistance,x,y,Acceleration
0.00135,1000000.0,0.0,44.76848890087024,127.2478088627093,1.1486999999999998,89.0,44.74904571574786,0.7474612824449242,0.0,0.0,0.0
0.0013724137931034484,982013.5364321608,0.007902454107913688,44.36404863907809,124.95907078451282,1.1263310344827584,88.99826769179583,45.55907390753491,0.7747666532572838,0.006294247163734646,0.35997346653159246,102.50337182924831
0.0013948275862068968,964605.129789864,0.01586970466464169,43.96906385968116,122.74388918348951,1.103962068965517,88.99654926059108,46.37716037350132,0.8028408322180542,0.012765134705266521,0.72941525788157,102.68115206638889
0.0014172413793103451,947747.3540145985,0.02390122891334369,43.583161035162604,120.5987741537881,1.0815931034482755,88.9948446048551,47.203873935765344,0.8317186284960026,0.01941578198332138,1.1084759774788877,102.93358230196881
0.0014396551724137935,931414.4910179639,0.03199651654922599,43.205987019922425,118.52045312501154,1.059224137931034,88.99315364000226,48.039810048413685,0.861437370220582,0.0262494170979203,1.4973120132517261,103.26206433271877
0.0014620689655172419,915582.3997641507,0.04015506923289958,42.8372076407213,116.50585420324933,1.0368551724137927,88.99147629769872,48.885593564884886,0.8920371273923587,0.033269384014867634,1.8960859192916577,103.66832810477915
0.0014844827586206902,900228.3972125433,0.04837640012995446,42.47650640452234,114.55209102128484,1.0144862068965512,88.98981252526028,49.74188177301747,0.9235609608682077,0.040479150281042396,2.304966829097334,104.15445125062786
0.0015068965517241386,885331.1498855832,0.056660033474963636,42.12358331234433,112.65644894084332,0.9921172413793098,88.98816228513505,50.609367736665575,0.9560552010225223,0.04788231539724096,2.7241309039752317,104.72288276384909
0.001529310344827587,870870.5749718148,0.06500550415827423,41.778153768996106,110.81637246817122,0.9697482758620684,88.98652555446624,51.4887839887283,0.989569760286557,0.05548261992430561,3.153761820655837,105.37647131412201
0.0015517241379310353,856827.7499999997,0.07341235733407774,41.43994757966249,109.0294537602652,0.9473793103448268,88.98490232473067,52.380906627532205,1.0241584844844531,0.06328395540873594,3.5940513027440324,106.11849881851161
0.0015741379310344836,843184.8302300106,0.08188014804836884,41.10870802527957,107.29342211304437,0.9250103448275854,88.98329260145016,53.286559876993365,1.0598795487421826,0.07129037522620257,4.045199701276871,106.95272002090086
0.001596551724137932,829924.9730021594,0.09040844088551717,40.78419100948873,105.60613433496796,0.9026413793103438,88.98169640397361,54.20662118117212,1.0967959047767502,0.07950610645571647,4.507416630429649,107.88340899494722
0.0016189655172413804,817032.2683706066,0.09899680963226787,40.46616427070969,103.96556592028874,0.8802724137931024,88.98011376532827,55.14202691610209,1.1349757876179323,0.08793556291405996,4.980921665313673,108.91541368480142
0.0016413793103448287,804491.6754201675,0.10764483695808352,40.1544066535365,102.36980294550624,0.857903448275861,88.97854473213992,56.09377881660996,1.1744932913248167,0.09658335949999255,5.465945109875652,110.05421984118283
0.001663793103448277,792288.9637305693,0.11635211411081922,39.8487074342476,100.81703462082147,0.8355344827586195,88.97698936462226,57.062951233854136,1.2154290250995017,0.10545432802134745,5.962728844172767,111.30602601063113
0.0016862068965517254,780410.6595092019,0.12511824062679724,39.54886569574211,99.30554643564784,0.8131655172413781,88.97544773663682,58.05069936127978,1.2578708634538054,0.11455353470623006,6.471527261802685,112.67783160843935
0.0017086206896551738,768843.9959636724,0.13394282405441718,39.25468974767659,97.83371384362701,0.7907965517241367,88.97391993582589,59.05826859361413,1.3019148068589523,0.12388629963313794,6.992608310068243,114.1775405715777
0.0017310344827586221,757576.8675298799,0.14282547969050094,38.965996587988705,96.3999964382522,0.7684275862068952,88.97240606382152,60.08700521669872,1.347665972741877,0.13345821835520424,7.526254647619976,115.81408367398406
0.0017534482758620705,746597.7876106189,0.15176583032862537,38.68261140235991,95.00293257519766,0.7460586206896537,88.97090623653548,61.13836866704815,1.39523974096627,0.14327518604252729,8.072764936932229,117.59756332890205
0.0017758620689655189,735895.8495145624,0.16076350601875378,38.40436709849754,93.6411344018901,0.7236896551724122,88.96942058453587,62.21394565122854,1.44476308329003,0.15334342452575994,8.632455292140941,119.53942564971953
0.0017982758620689672,725460.6903163943,0.16981814383752003,38.131103872408204,92.3132832587897,0.7013206896551708,88.96794925351797,63.31546647934508,1.4963761130386777,0.1636695126964032,9.205660906643631,121.65266575694244
0.0018206896551724156,715282.457386363,0.17892938766856656,37.862668804096664,91.0181254203489,0.6789517241379293,88.96649240487871,64.44482404794778,1.5502338997975977,0.17426042080801607,9.792737889618552,123.95207389296411
0.001843103448275864,705351.7773620199,0.1880968879923784,37.59891548035898,89.75446814673457,0.6565827586206878,88.965050216406,65.60409601063397,1.6065086048712605,0.18512354933226177,10.3940653464984,126.45453195950006
0.0018655172413793123,695659.727356746,0.19732030168509004,37.33970364254895,88.52117602017567,0.6342137931034464,88.96362288309733,66.7955708064706,1.6653920073545547,0.19626677316019564,11.010047745747878,129.1793727931916
0.0018879310344827606,686197.8082191773,0.20659929182578074,37.08489885738659,87.31716754228394,0.611844827586205,88.96221061812467,68.02177838652395,1.7270985089655846,0.2076984921102518,11.64111762346051,132.14881807839495
0.001910344827586209,676957.9196750895,0.21593352751180064,36.834372209047565,86.14141197091311,0.5894758620689635,88.96081365396698,69.2855267002767,1.791868729763022,0.21942768892036948,12.287738688864222,135.3885155959262
0.0019327586206896574,667932.3371989287,0.22532268368170483,36.588000010925924,84.99292637711197,0.567106896551722,88.95943224373634,70.58994529464512,1.859973838562722,0.23146399617667668,12.950409408561649,138.9282029997085
0.0019551724137931055,659113.6904761897,0.23476644094539634,36.34566353560127,83.87077290450912,0.5447379310344808,88.95806666272982,71.9385377641902,1.9317208041801164,0.24381777398432194,13.629667166257653,142.8025341915581
0.0019775862068965536,650494.9433304266,0.24426448542110388,36.10724876166636,82.77405621506904,0.5223689655172395,88.95671721024678,73.33524530831824,2.0074588107217703,0.2565002006439329,14.326093119266444,147.05211664361985
0.002,642069.3750000001,0.25381650857884536,35.872646136184706,81.70192110659924,0.5,88.95538421172148,74.78452435234182,2.087587158088309,0.26952337919694747,15.040317905234492,151.7248252114013
0.002,642069.3750000001,0.25381650857884536,1034.4639312223508,81.69337747959713,0.5,88.95538421172148,74.78452435234182,2.087587158088309,0.26952337919694747,15.040317905234492,151.7248252114013
0.0026670244263508514,456145.9910078682,0.2648163548908652,871.9193301828141,58.03750821974757,0.5,88.95387699253578,75.90751491168429,2.150753766695893,0.28476767551900173,15.875149731926003,102.09147723412701
0.0033340488527017027,344615.90119441424,0.27768303819915835,757.865314765113,43.84703273185522,0.5,88.9521375524712,76.85429949006033,2.2047405098120576,0.30285158040064125,16.863844294634113,73.58419848305384
0.004001073279052554,270272.4805520355,0.29235733422870924,671.1587995797958,34.38798459447548,0.5,88.95017492360937,77.65490171200838,2.2509139553366606,0.32372992969409903,18.00318402915373,54.558134873101416
0.0046680977054034045,217174.9209161831,0.3088329106396276,601.6296215504784,27.632143011816122,0.5,88.94799001441837,78.3296443082998,2.2902002297834967,0.34742399599766394,19.29349253925783,40.95411167795455
0.005335122131754255,177354.4216294961,0.32714226211422015,543.6825385423251,22.565601596952117,0.5,88.94557782574377,78.89251888487217,2.3232331178455485,0.3740052929849097,20.737718799686675,30.74246389084051
0.006002146558105106,146384.5045258914,0.3473518993019597,493.93741932538273,18.62515960272585,0.5,88.94292821718734,79.35320812379902,2.350445164369894,0.40359088173186825,22.341145419880636,22.79552248500186
0.006669170984455957,121609.56764945819,0.36956250021131315,450.2028573311113,15.472932835517637,0.5,88.94002590137096,79.71827608691248,2.3721215665879183,0.43634501067815196,24.11143325027204,16.43665403756462
0.007336195410806808,101339.82375998877,0.3939128068993265,410.9740943984766,12.893922056538837,0.5,88.93684986093032,79.99185883804951,2.388431129942245,0.4724857697916485,26.058924231509454,11.235289749828937
0.00800321983715766,84448.82356749463,0.4205874110133541,375.164016503659,10.744804050819642,0.5,88.93337217083132,80.17603219313072,2.399442044735205,0.5122971959331125,28.19721757090334,6.904445677765872
0.00867024426350851,70156.76046869002,0.4498296267467812,341.9472680319048,8.926360513167863,0.5,88.9295560462078,80.2709392359178,2.4051260060086124,0.5561487165094761,30.544108047280986,3.245548957447219
0.009337268689859362,57906.65535706506,0.48196204172513196,310.6623444541921,7.367724484080323,0.5,88.92535272385365,80.27469623653538,2.4053511502871725,0.6045258224312297,33.12307420199086,0.11692244794279985
0.010004293116210212,47290.07282217854,0.5174198089456877,280.74327781260274,6.016928887318239,0.5,88.92069641050696,80.18303421890715,2.3998611647197414,0.6580794846426972,35.96568114353444,-2.5851040495038524
0.010671317542561063,38000.69657590549,0.5568068444911012,251.66345442510283,4.834999722363459,0.5,88.91549575902127,79.98854239248261,2.388233086347705,0.7177093415149445,39.11562834709646,-4.937965595310891
0.011338341968911914,29804.29157336749,0.6009968733573557,222.87624209176224,3.7921342098197486,0.5,88.90961855415141,79.67919357023324,2.369796233936304,0.7847130469434339,42.63601662650136,-7.000421366223827
0.012005366395262765,22518.679655347863,0.6513320440073296,193.72953507122529,2.8651530022382032,0.5,88.90286164844113,79.23536380739651,2.3434692414237075,0.8610795360760282,46.62361100431618,-8.817487993098892
0.012672390821613616,16000.039207612019,0.7100665442075985,163.2995162659299,2.0357570280871946,0.5,88.89488394144922,78.62313888829549,2.3073947575126796,0.9501434927450833,51.2406428155059,-10.423599707386645
0.013339415247964467,10133.315253127555,0.7815736090827874,129.95714199386117,1.2893073246072646,0.5,88.88502458567602,77.77618651245038,2.2579505965990294,1.058364318910771,56.80113660875654,-11.844317443645725
0.014006439674315318,4825.36972789299,0.87704944505186,89.67877608342818,0.6139535165641294,0.5,88.87159836737989,76.52582620593991,2.1859347758925636,1.2022489789973496,64.10608693765403,-13.096091736923892
0.014673464100666174,0.0,1.1108831769903489,0.0,0.0,0.5,88.83777602188452,73.21009863984251,2.0006131958517894,1.5494776422842658,81.22155569407388,-14.179851378198986
0.0,0.0,1.1108831769903489,0.0,0.0,0.5,88.80136229204615,69.894401107241,1.8235006437841796,1.5494776422842658,81.22155569407388,-14.179851378198986
0.0,0.0,1.120883176990349,0.0,0.0,0.5,88.80136229204615,69.894401107241,1.8235006437841796,1.5640986064502582,81.92034676300712,0.0
0.0,0.0,1.170883176990349,0.0,0.0,0.5,88.79968007171914,69.7598526207896,1.8164868316324205,1.6371650846667183,85.40757401168862,-2.690969729027868
0.0,0.0,1.220883176990349,0.0,0.0,0.5,88.79124092178562,69.08711170726593,1.7816205708075994,1.710035616858227,88.86116090008,-13.454818270473355
0.0,0.0,1.270883176990349,0.0,0.0,0.5,88.78265969253606,68.41507373016871,1.7471280796409887,1.7827095220969862,92.28114252097483,-13.440759541944361
0.0,0.0,1.320883176990349,0.0,0.0,0.5,88.77393266118689,67.74652397207156,1.7131491636463076,1.8551890851866064,95.66769319809167,-13.37099516194313
0.0,0.0,1.3708831769903491,0.0,0.0,0.5,88.76505633671226,67.08142509492924,1.6796767301027373,1.9274765795088282,99.0209853863868,-13.301977542846247
0.0,0.0,1.4208831769903492,0.0,0.0,0.5,88.75602711646444,66.41972578140856,1.646703094150185,1.9995742517412232,102.34118897319476,-13.233986270413697
0.0,0.0,1.4708831769903492,0.0,0.0,0.5,88.74684127971769,65.76137542476363,1.6142207333588263,2.0714843221832058,105.6284713136944,-13.167007132898606
0.0,0.0,1.5208831769903493,0.0,0.0,0.5,88.73749498279562,65.10632418810425,1.5822222875797873,2.143208985152359,108.882997269335,-13.101024733187488
0.0,0.0,1.5708831769903493,0.0,0.0,0.5,88.72798425396584,64.45452298821003,1.5507005550376107,2.2147504093700436,112.10492924545044,-13.036023997884444
0.0,0.0,1.6208831769903493,0.0,0.0,0.5,88.71830498807796,63.80592347936233,1.519648488517295,2.286110738335993,115.29442722806235,-12.97199017695404
0.0,0.0,1.6708831769903494,0.0,0.0,0.5,88.70845294092987,63.16047803756999,1.4890591916617884,2.3572920906919914,118.45164881989157,-12.908908835846791
0.0,0.0,1.7208831769903494,0.0,0.0,0.5,88.69842372334604,62.518139745179646,1.4589259153764425,2.4282965605747364,121.57674927559715,-12.846765847806825
0.0,0.0,1.7708831769903495,0.0,0.0,0.5,88.6882127949504,61.878862375859704,1.4292420543369686,2.499126217957951,124.66988153626133,-12.785547386398822
0.0,0.0,1.8208831769903495,0.0,0.0,0.5,88.67781545761557,61.242600379947476,1.400001143597557,2.5697831089838266,127.73119626313856,-12.725239918244558
0.0,0.0,1.8708831769903496,0.0,0.0,0.5,88.66722684856828,60.60930887014944,1.3711968552959524,2.6402692562838217,130.76084187068605,-12.665830195960684
0.0,0.0,1.9208831769903496,0.0,0.0,0.5,88.65644193313005,59.97894360758478,1.3428229954523876,2.7105866592888845,133.75896455889267,-12.607305251293173
0.0,0.0,1.9708831769903497,0.0,0.0,0.5,88.64545549707027,59.35146098816278,1.3148735008593913,2.780737294529095,136.72570834492288,-12.54965238844007
0.0,0.0,2.0208831769903495,0.0,0.0,0.5,88.63426213854733,58.726818029284935,1.2873424360595953,2.8507231159227375,139.6612150940917,-12.492859177556896
0.0,0.0,2.0708831769903493,0.0,0.0,0.5,88.62285625961168,58.10497235686309,1.2602239904087684,2.920546055054807,142.56562455018607,-12.436913448437013
0.0,0.0,2.120883176990349,0.0,0.0,0.5,88.61123205724296,57.48588219264495,1.2335124752214026,2.9902080214448965,145.4390743651481,-12.381803284362762
0.0,0.0,2.170883176990349,0.0,0.0,0.5,88.59938351389083,56.869506341839006,1.207202320996275,3.0597109028044462,148.28170012813445,-12.327517016118934
0.0,0.0,2.2208831769903488,0.0,0.0,0.5,88.58730438748736,56.25580418103072,1.1812880747194971,3.129056565283275,151.09363539396676,-12.274043216165795
0.0,0.0,2.2708831769903486,0.0,0.0,0.5,88.57498820089623,55.644735646382614,1.155764397242655,3.1982468537053195,153.87501171098637,-12.22137069296214
0.0,0.0,2.3208831769903484,0.0,0.0,0.5,88.56242823076114,55.03626122211081,1.1306260607337253,3.2672835917934693,156.62595864832724,-12.169488485436133
0.0,0.0,2.3708831769903482,0.0,0.0,0.5,88.54961749571342,54.430341929230934,1.1058679461985346,3.336168582383391,159.34660382262027,-12.118385857597545
0.0,0.0,2.420883176990348,0.0,0.0,0.5,88.5365487438953,53.82693931456674,1.081485041070606,3.4049036076261783,162.0370729241414,-12.068052293283998
0.0,0.0,2.470883176990348,0.0,0.0,0.5,88.52321443975204,53.22601544001477,1.05747243686732,3.473490429179669,164.69748974241648,-12.018477491039377
0.0,0.0,2.5208831769903477,0.0,0.0,0.5,88.50960675004268,52.627532872058914,1.0338253269103712,3.541930788388229,167.32797619129443,-11.969651359117151
0.0,0.0,2.5708831769903475,0.0,0.0,0.5,88.49571752901464,52.03145467152877,1.0105390041085964,3.610226406450785,169.92865233350088,-11.921564010602921
0.0,0.0,2.6208831769903473,0.0,0.0,0.5,88.48153830268355,51.43774438359609,0.9876088588012933,3.6783789845768537,172.49963640468357,-11.874205758653645
0.0,0.0,2.670883176990347,0.0,0.0,0.5,88.4670602521545,50.846366028003764,0.9650303766602274,3.7463902041302926,175.04104483696068,-11.827567111846562
0.0,0.0,2.720883176990347,0.0,0.0,0.5,88.45227419591603,50.25728408952214,0.9427991366485848,3.814261726760448,177.5529922819828,-11.781638769632579
0.0,0.0,2.770883176990347,0.0,0.0,0.5,88.4371705710321,49.670463508627556,0.9209108090351821,3.88199519452037,180.0355916335194,-11.736411617891674
0.0,0.0,2.8208831769903466,0.0,0.0,0.5,88.42173941315127,49.08586967239844,0.8993611534623076,3.9495922299716897,182.48895404957972,-11.691876724582398
0.0,0.0,2.8708831769903465,0.0,0.0,0.5,88.40597033524553,48.50346840562429,0.8781460170656227,4.017054436275753,184.91318897407837,-11.64802533548301
0.0,0.0,2.9208831769903463,0.0,0.0,0.5,88.38985250498338,47.92322596212344,0.8572613326446028,4.084383397270531,187.3084041580552,-11.60484887001705
0.0,0.0,2.970883176990346,0.0,0.0,0.5,88.37337462063401,47.345109016265425,0.8367031168820522,4.151580677532792,189.67470568045897,-11.562338917160316
0.0,0.0,3.020883176990346,0.0,0.0,0.5,88.35652488538987,46.76908465469425,0.8164674686112695,4.2186478224249795,192.01219796850418,-11.520487231423614
0.0,0.0,3.0708831769903457,0.0,0.0,0.5,88.33929097998544,46.19512036824904,0.7965505671295007,4.285586358126172,194.32098381760989,-11.479285728904115
0.0,0.0,3.1208831769903456,0.0,0.0,0.5,88.3216600334786,45.623184044078876,0.7769486705563466,4.352397791646437,196.60116441092933,-11.438726483403384
0.0,0.0,3.1708831769903454,0.0,0.0,0.5,88.30361859204957,45.0532439579487,0.7576581142358494,4.4190836108238605,198.85283933847919,-11.39880172260352
0.0,0.0,3.220883176990345,0.0,0.0,0.5,88.2851525856583,44.48526876673381,0.7386753091810162,4.48564528430341,201.07610661587634,-11.359503824297873
0.0,0.0,3.270883176990345,0.0,0.0,0.5,88.26624729238713,43.91922750110037,0.7199967405595848,4.5520842614967725,203.2710627026906,-11.320825312668786
0.0,0.0,3.320883176990345,0.0,0.0,0.5,88.24688730027924,43.355089558370025,0.7016189662198722,4.618401972522179,205.4378025204214,-11.282758854606994
0.0,0.0,3.3708831769903447,0.0,0.0,0.5,88.22705646646489,42.792824695566715,0.6835386152555857,4.684599828123164,207.57641947010583,-11.245297256066248
0.0,0.0,3.4208831769903445,0.0,0.0,0.5,88.2067378733485,42.23240302264444,0.6657523866085157,4.750679219565107,209.6870054495661,-11.208433458445523
0.0,0.0,3.4708831769903443,0.0,0.0,0.5,88.18591378160666,41.673794995894795,0.6482570477080594,4.816641518508276,211.76965087030334,-11.172160534992951
0.0,0.0,3.520883176990344,0.0,0.0,0.5,88.16456557972315,41.116971411533726,0.631049433146564,4.88248807685601,213.8244446740452,-11.136471687221427
0.0,0.0,3.570883176990344,0.0,0.0,0.5,88.1426737297598,40.56190339946725,0.6141264433895101,4.948220226576519,215.85147434895435,-11.101360241329598
0.0,0.0,3.620883176990344,0.0,0.0,0.5,88.12021770903156,40.00856241723635,0.597485043519582,5.013839279496651,217.85082594550474,-11.066819644618032
0.0,0.0,3.6708831769903436,0.0,0.0,0.5,88.09717594732022,39.45692024414177,0.5811222620137131,5.079346527065815,219.82258409203217,-11.032843461891598
0.0,0.0,3.7208831769903434,0.0,0.0,0.5,88.07352575922403,38.90694897554995,0.5650351895522122,5.14474324008809,221.76683200996624,-10.999425371836406
0.0,0.0,3.7708831769903433,0.0,0.0,0.5,88.0492432711976,38.35862101738195,0.5492209778591163,5.210030668420341,223.68365152874978,-10.966559163360085
0.0,0.0,3.820883176990343,0.0,0.0,0.5,88.02430334278998,37.81190908078774,0.5336768385729331,5.275210040633972,225.57312310045236,-10.934238731884175
0.0,0.0,3.870883176990343,0.0,0.0,0.5,87.99867948153539,37.26678617700915,0.5184000421469703,5.340282563637705,227.43532581408405,-10.902458075571854
0.0,0.0,3.9208831769903427,0.0,0.0,0.5,87.972343750892,36.723225612435265,0.5033879167784727,5.405249422258524,229.27033740961568,-10.871211291477788
0.0,0.0,3.9708831769903425,0.0,0.0,0.5,87.94526667055746,36.18120098385515,0.4886378473658088,5.470111778777639,231.07823429171157,-10.84049257160235
0.0,0.0,4.020883176990343,0.0,0.0,0.5,87.91741710841467,35.64068617391361,0.47414727449297983,5.534870772418005,232.859091543181,-10.81029619883077
0.0,0.0,4.070883176990343,0.0,0.0,0.5,87.88876216327664,35.10165534677675,0.45991369344073996,5.599527518779584,234.6129829381538,-10.780616542737146
0.0,0.0,4.1208831769903425,0.0,0.0,0.5,87.85926703750373,34.564082944015404,0.4459346532236452,5.664083109218165,236.3399809549868,-10.751448055227012
0.0,0.0,4.170883176990342,0.0,0.0,0.5,87.82889489845812,34.027943680715595,0.4322077556523648,5.728538610163083,238.040156788906,-10.722785265996217
0.0,0.0,4.220883176990342,0.0,0.0,0.5,87.7976067276381,33.493212541827035,0.41873065442061197,5.792895062368738,239.71358036439113,-10.694622777771238
0.0,0.0,4.270883176990342,0.0,0.0,0.5,87.76536115619528,32.959864778762025,0.40550105421607413,5.85715348009424,241.360320347308,-10.666955261300226
0.0,0.0,4.320883176990342,0.0,0.0,0.5,87.73211428537968,32.42787590625922,0.39251670985473425,5.921314850204907,242.98044415679445,-10.639777450056195
0.0,0.0,4.370883176990342,0.0,0.0,0.5,87.69781949027718,31.89722169952886,0.3797754254380016,5.985380131188666,244.57401797690594,-10.613084134607186
0.0,0.0,4.420883176990341,0.0,0.0,0.5,87.66242720499814,31.367878191698555,0.36727505353208373,6.049350252079628,246.14110676802667,-10.586870156606134
0.0,0.0,4.470883176990341,0.0,0.0,0.5,87.62588468724017,30.839821671581443,0.35501349436905105,6.113226111280238,247.68177427805236,-10.561130402342267
0.0,0.0,4.520883176990341,0.0,0.0,0.5,87.58813575987843,30.31302868179191,0.34298869506905844,6.177008575272448,249.1960830533505,-10.535859795790723
0.0,0.0,4.570883176990341,0.0,0.0,0.5,87.54912052692647,29.787476017237633,0.33119864888321066,6.240698477207216,250.68409444950487,-10.511053291085554
0.0,0.0,4.620883176990341,0.0,0.0,0.5,87.50877506085435,29.263140724021067,0.3196413944565674,6.304296615360415,252.14586864185063,-10.486705864331364
0.0,0.0,4.6708831769903405,0.0,0.0,0.5,87.46703105783824,28.740000098788265,0.30831501511080206,6.367803751441801,253.58146463580667,-10.46281250465608
0.0,0.0,4.72088317699034,0.0,0.0,0.5,87.42381545704086,28.218031688568775,0.2972176381460422,6.431220608742057,254.99094027701258,-10.439368204389831
0.0,0.0,4.77088317699034,0.0,0.0,0.5,87.37905001946945,27.697213291156736,0.2863474341614322,6.494547870101112,256.3743522612777,-10.416367948240827
0.0,0.0,4.82088317699034,0.0,0.0,0.5,87.3326508613178,27.17752295609105,0.27570261639397203,6.557786175678795,257.73175614435,-10.393806701313759
0.0,0.0,4.87088317699034,0.0,0.0,0.5,87.28452793595203,26.65893898630139,0.26528144007519866,6.620936120506507,259.0632063515138,-10.371679395793231
0.0,0.0,4.92088317699034,0.0,0.0,0.5,87.23458445782818,26.141439940497126,0.2550822018052867,6.6839982517957806,260.3687561870252,-10.349980916085324
0.0,0.0,4.970883176990339,0.0,0.0,0.5,87.18271626060881,25.625004636388525,0.24510323894415784,6.746973065976444,261.64845784339525,-10.328706082172056
0.0,0.0,5.020883176990339,0.0,0.0,0.5,87.12881108054715,25.109612154843845,0.2353429290191963,6.809861005433421,262.9023624105325,-10.307849630893637
0.0,0.0,5.070883176990339,0.0,0.0,0.5,87.07274775479542,24.595241845102844,0.22579968914917795,6.872662454906933,264.13051988475627,-10.287406194820045
0.0,0.0,5.120883176990339,0.0,0.0,0.5,87.01439532262677,24.081873331187225,0.21647197548402858,6.935377737515967,265.3329791776954,-10.267370278312422
0.0,0.0,5.170883176990339,0.0,0.0,0.5,86.95361201558387,23.569486519672182,0.20735828266003448,6.9980071103591355,266.5097881250865,-10.247736230300895
0.0,0.0,5.2208831769903385,0.0,0.0,0.5,86.8902441202183,23.05806160901152,0.19845714327013225,7.0605507596403605,267.6609934954905,-10.228498213213264
0.0,0.0,5.270883176990338,0.0,0.0,0.5,86.82412469428309,22.54757910064249,0.18976712734891307,7.123008795259043,268.78664099894615,-10.209650167380637
0.0,0.0,5.320883176990338,0.0,0.0,0.5,86.7550721138868,22.038019812136948,0.1812868418719753,7.185381244795198,269.8867752955842,-10.191185770110884
0.0,0.0,5.370883176990338,0.0,0.0,0.5,86.6828884250883,21.529364892714177,0.17301493026926415,7.247668046809268,270.96144000422777,-10.17309838845545
0.0,0.0,5.420883176990338,0.0,0.0,0.5,86.60735746855276,21.02159584148953,0.16495007195203365,7.309869043363622,272.01067771101066,-10.155381024493018
0.0,0.0,5.470883176990338,0.0,0.0,0.5,86.52824274000677,20.514694528904464,0.15709098185306372,7.371983971657691,273.03452997804857,-10.138026251701326
0.0,0.0,5.5208831769903375,0.0,0.0,0.5,86.44528494207903,20.00864322187066,0.1494364099797574,7.434012454650777,274.0330373522065,-10.121026140676115
0.0,0.0,5.570883176990337,0.0,0.0,0.5,86.3581991743823,19.50342461326732,0.14198514097973333,7.495953990525227,275.00623937401235,-10.104372172066824
0.0,0.0,5.620883176990337,0.0,0.0,0.5,86.26667169798384,18.999021856561953,0.13473599371851208,7.557807940817112,275.9541745867767,-10.088055134107385
0.0,0.0,5.670883176990337,0.0,0.0,0.5,86.17035619721696,18.495418606486712,0.12768782086887365,7.619573517010727,276.8768805459914,-10.072065001504846
0.0,0.0,5.720883176990337,0.0,0.0,0.5,86.06886944544867,17.99259906690361,0.12083950851143417,7.681249765356171,277.77439382909415,-10.056390791662047
0.0,0.0,5.770883176990337,0.0,0.0,0.5,85.96178626108212,17.49054804724301,0.1141899757459506,7.742835549624144,278.6467500457043,-10.041020393212072
0.0,0.0,5.820883176990336,0.0,0.0,0.5,85.84863361462497,16.989251029215172,0.10773817431281091,7.804329531457239,279.4939838484604,-10.025940360556795
0.0,0.0,5.870883176990336,0.0,0.0,0.5,85.72888371562803,16.48869424589307,0.10148308822410115,7.865730147909779,280.3161289446178,-10.011135666442108
0.0,0.0,5.920883176990336,0.0,0.0,0.5,85.60194586775106,15.988864775770818,0.0954237334035519,7.927035585685528,281.11321810860375,-9.996589402445046
0.0,0.0,5.970883176990336,0.0,0.0,0.5,85.46715682855475,15.489750655049889,0.08955915733455315,7.988243751480298,281.88528319577523,-9.982282414418613
0.0,0.0,6.020883176990336,0.0,0.0,0.5,85.323769344368,14.991341012239376,0.08388843871527762,8.049352237709163,282.6323551576865,-9.968192856210294
0.0,0.0,6.0708831769903355,0.0,0.0,0.5,85.17093844502098,14.493626230239052,0.0784106871197552,8.110358282738755,283.35446405925506,-9.95429564000652
0.0,0.0,6.120883176990335,0.0,0.0,0.5,85.00770497192119,13.996598142489082,0.07312504266348298,8.171258724544636,284.0516390983189,-9.940561754999422
0.0,0.0,6.170883176990335,0.0,0.0,0.5,84.83297566699467,13.500250271635725,0.06803067567181198,8.232049946459783,284.7239086282175,-9.926957417067186
0.0,0.0,6.220883176990335,0.0,0.0,0.5,84.64549895704579,13.004578121642636,0.06312678634889206,8.292727813356318,285.3713001842125,-9.913442999861815
0.0,0.0,6.270883176990335,0.0,0.0,0.5,84.44383531071227,12.509579537605799,0.05841260444433852,8.35328759618661,285.99384051481184,-9.899971680736783
0.0,0.0,6.320883176990335,0.0,0.0,0.5,84.22632069868719,12.015255152040439,0.05388738891394435,8.413723882271624,286.5915556193941,-9.886487711307232
0.0,0.0,6.3708831769903345,0.0,0.0,0.5,83.99102121671406,11.521608942584866,0.04955042756960947,8.47403046802254,287.1644707939878,-9.872924189111494
0.0,0.0,6.420883176990334,0.0,0.0,0.5,83.73567628334442,11.028648934619648,0.045401036712062116,8.534200229858987,287.71261068769036,-9.859200159304393
0.0,0.0,6.470883176990334,0.0,0.0,0.5,83.45762692440243,10.53638809428897,0.04143856073770777,8.594224967864024,288.23599937309643,-9.845216806613593
0.0,0.0,6.520883176990334,0.0,0.0,0.5,83.15372438972031,10.04484547443237,0.03766237170776327,8.654095215079918,288.73466043535353,-9.830852397132048
0.0,0.0,6.570883176990334,0.0,0.0,0.5,82.82021254243405,9.55404770044092,0.03407186886325967,8.71380000314019,289.20861708625995,-9.815955479829022
0.0,0.0,6.620883176990334,0.0,0.0,0.5,82.45257485118003,9.064030918868424,0.030666478062820048,8.773326571924049,289.6578923124346,-9.800335631449961
0.0,0.0,6.670883176990333,0.0,0.0,0.5,82.04533298454679,8.574843384835765,0.027445651110213742,8.832660006779358,290.0825090704582,-9.78375068065322
0.0,0.0,6.720883176990333,0.0,0.0,0.5,81.59177829088723,8.086548944722301,0.02440886492374185,8.891782781110747,290.4824905477091,-9.765888802269309
0.0,0.0,6.770883176990333,0.0,0.0,0.5,81.08360876448577,7.599231794667251,0.02155562047652901,8.950674174072434,290.85786051655015,-9.746343001101037
0.0,0.0,6.820883176990333,0.0,0.0,0.5,80.51043065564173,7.113003090682879,0.0188854414007411,9.009309521724374,291.2086438234875,-9.72457407968747
0.0,0.0,6.870883176990333,0.0,0.0,0.5,79.85906262565142,6.628010300838796,0.01639787209090904,9.067659243841458,291.5348670772554,-9.699855796881687
0.0,0.0,6.9208831769903325,0.0,0.0,0.5,79.11254596215929,6.14445071006604,0.0140924750464881,9.12568756555949,291.8365596363278,-9.671191815455165
0.0,0.0,6.970883176990332,0.0,0.0,0.5,78.24870735043267,5.6625913722589205,0.011968827033410775,9.183350820529482,292.1137550577352,-9.637186756142418
0.0,0.0,7.020883176990332,0.0,0.0,0.5,77.23802356271892,5.182799354742877,0.010026513365957624,9.240595177401433,292.36649327503744,-9.595840350320904
0.0,0.0,7.070883176990332,0.0,0.0,0.5,76.04036708262797,4.70558893399422,0.008265119111687827,9.297353573482843,292.5948239617915,-9.544208414973168
0.0,0.0,7.120883176990332,0.0,0.0,0.5,74.59990354759599,4.231697706154762,0.0066842150995435135,9.353541577539856,292.7988118827348,-9.477824556789203
0.0,0.0,7.170883176990332,0.0,0.0,0.5,72.83683633767531,3.762214002935866,0.005283334845163346,9.409051883724644,292.97854568984127,-9.389674064377951
0.0,0.0,7.220883176990331,0.0,0.0,0.5,70.63358454343715,3.298799446909036,0.004061935016314538,9.46374733017934,293.134152896019,-9.268291120536636
0.0,0.0,7.270883176990331,0.0,0.0,0.5,67.81078910805911,2.844096700805773,0.0030193249942215184,9.51745332307468,293.2658262852666,-9.09405492206529
0.0,0.0,7.320883176990331,0.0,0.0,0.5,64.08419016592309,2.402516552662311,0.002154536828447079,9.569954314841066,293.3738719252901,-8.831602962869272
0.0,0.0,7.370883176990331,0.0,0.0,0.5,58.98527544009072,1.9818389959708922,0.0014660807260149186,9.621012268707103,293.4587971857365,-8.413551133828404
0.0,0.0,7.420883176990331,0.0,0.0,0.5,51.71785184567733,1.596596032384817,0.000951505354172261,9.670469583837303,293.52146114034105,-7.704859271721532
0.0,0.0,7.4708831769903306,0.0,0.0,0.5,40.94158361330033,1.2750300630145932,0.000606822946147535,9.718626071773834,293.56323681296993,-6.431319387404498
0.0,0.0,7.52088317699033,0.0,0.0,0.5,24.738166150566784,1.0696743174848056,0.00042709479859664973,9.767201566947612,293.58561825913273,-4.107114910595767
0.0,0.0,7.57088317699033,0.0,0.0,0.5,2.127932015692778,1.05140093729373,0.00041262721126749004,9.819735362086966,293.5875702313691,-0.36546760382151117
0.0,0.0,7.62088317699033,0.0,0.0,0.5,-22.866940227270078,1.2419627802365858,0.0005757557803578902,9.876953194534535,293.5634393689988,3.8112368588571277
0.0,0.0,7.67088317699033,0.0,0.0,0.5,-42.863437273952286,1.5755857442418142,0.0009266275972850889,9.934696611543627,293.5098495016192,6.672459280104592
0.0,0.0,7.72088317699033,0.0,0.0,0.5,-55.717404513536515,1.9808133272525263,0.0014645636259567184,9.99048375104138,293.4280152260361,8.104551660214272
0.0,0.0,7.7708831769903295,0.0,0.0,0.5,-63.657865096401345,2.4202873194242702,0.002186527761931957,10.04418149687394,293.3195669486689,8.78947984343491
0.0,0.0,7.820883176990329,0.0,0.0,0.5,-68.79649365890812,2.8774348317354748,0.003090524124510665,10.096217262163774,293.18543508385704,9.142950246224123
0.0,0.0,7.870883176990329,0.0,0.0,0.5,-72.32453136613817,3.3445604423919386,0.004175411112977718,10.14699189514562,293.02610163467705,9.34251221312931
0.0,0.0,7.920883176990329,0.0,0.0,0.5,-74.87414013330738,3.817757996137169,0.005440488992068808,10.19680222921666,292.8418270544648,9.463951074904642
0.0,0.0,7.970883176990329,0.0,0.0,0.5,-76.79427474237656,4.2948697123365935,0.006885272491413135,10.245859981971039,292.6327622283712,9.542234323988524
0.0,0.0,8.02088317699033,0.0,0.0,0.5,-78.28879150519388,4.774614984578375,0.008509378828635911,10.294317275404063,292.3990011081211,9.594905444835492
0.0,0.0,8.07088317699033,0.0,0.0,0.5,-79.48336024498899,5.256187009649373,0.01031247152036365,10.34228552010896,292.1406064444747,9.631440501419815
0.0,0.0,8.120883176990331,0.0,0.0,0.5,-80.45916258876588,5.739051335382258,0.01229423086072812,10.389848061932733,291.85762308773684,9.657286514657569
0.0,0.0,8.170883176990332,0.0,0.0,0.5,-81.27077266028012,6.222838429570627,0.01445433763824574,10.437068529471007,291.5500852482003,9.675741883767254
0.0,0.0,8.220883176990332,0.0,0.0,0.5,-81.95614118801672,6.707283096815496,0.016792463746042898,10.483996401600827,291.21802065934827,9.688893344897242
0.0,0.0,8.270883176990333,0.0,0.0,0.5,-82.54243332434075,7.192188649768908,0.019308266554718494,10.53067078994219,290.8614530705132,9.69811105906809
0.0,0.0,8.320883176990334,0.0,0.0,0.5,-83.04958374748222,7.67740483938469,0.02200138543038495,10.57712306181149,290.48040379665525,9.704323792315503
0.0,0.0,8.370883176990334,0.0,0.0,0.5,-83.49254023031084,8.162813774436298,0.024871439524927253,10.623378696382556,290.0748927141177,9.708178701032026
0.0,0.0,8.420883176990335,0.0,0.0,0.5,-83.88272453170532,8.648320659660003,0.027918026348135148,10.66945862365425,289.6449389190613,9.710137704473961
0.0,0.0,8.470883176990336,0.0,0.0,0.5,-84.22901024083518,9.13384753837202,0.031140720836177,10.715380207656382,289.19056117394354,9.710537574240202
0.0,0.0,8.520883176990337,0.0,0.0,0.5,-84.53839346611764,9.61932896403044,0.03453907474467861,10.761157980304619,288.71177821703407,9.709628513168273
0.0,0.0,8.570883176990337,0.0,0.0,0.5,-84.81646295189252,10.10470894275973,0.03811261626006387,10.806804197389678,288.2086089811794,9.707599574585654
0.0,0.0,8.620883176990338,0.0,0.0,0.5,-85.06773607039999,10.589938732889268,0.041860849761556095,10.852329265607404,287.6810727510685,9.704595802590607
0.0,0.0,8.670883176990339,0.0,0.0,0.5,-85.29590318701669,11.074975234487338,0.04578325568983324,10.897742074670099,287.1291892779654,9.700730031961275
0.0,0.0,8.72088317699034,0.0,0.0,0.5,-85.50400821299347,11.559779792730277,0.04987929049306257,10.943050258576756,286.55297886447727,9.696091164858633
0.0,0.0,8.77088317699034,0.0,0.0,0.5,-85.69458393361693,12.044317296500624,0.05414838663045064,10.988260403330212,285.95246242785095,9.690750075406815
0.0,0.0,8.82088317699034,0.0,0.0,0.5,-85.86975477179693,12.528555490870087,0.05858995261958022,11.033378213688298,285.32766154764346,9.684763887389108
0.0,0.0,8.870883176990342,0.0,0.0,0.5,-86.03131576019744,13.012464446731265,0.06320337311788352,11.078408648232733,284.6785985018549,9.678179117223427
0.0,0.0,8.920883176990342,0.0,0.0,0.5,-86.18079389861752,13.496016147391103,0.06798800903135757,11.123356029685954,284.0052962944271,9.671034013196623
0.0,0.0,8.970883176990343,0.0,0.0,0.5,-86.31949630910746,13.979184163254935,0.07294319764552099,11.168224135707295,283.30777867619975,9.663360317276505
0.0,0.0,9.020883176990344,0.0,0.0,0.5,-86.44854838357085,14.461943393587092,0.07806825277493101,11.213016274158921,282.586070160848,9.655184606642996
0.0,0.0,9.070883176990344,0.0,0.0,0.5,-86.5689242658023,14.944269859867081,0.08336246492851243,11.257735345915046,281.84019603692855,9.64652932559965
0.0,0.0,9.120883176990345,0.0,0.0,0.5,-86.68147140460636,15.426140539208202,0.08882510148861557,11.30238389760329,281.07018237687396,9.637413586822282
0.0,0.0,9.170883176990346,0.0,0.0,0.5,-86.78693047962238,15.90753322915666,0.09445540690220432,11.346964166150773,280.2760560435692,9.62785379896904
0.0,0.0,9.220883176990347,0.0,0.0,0.5,-86.88595168518978,16.388426437271832,0.10025260288292603,11.391478116614518,279.45784469499307,9.61786416230329
0.0,0.0,9.270883176990347,0.0,0.0,0.5,-86.97910812512283,16.868799290425724,0.10621588862307693,11.43592747447405,278.6155767872953,9.607457063077694
0.0,0.0,9.320883176990348,0.0,0.0,0.5,-87.06690689867057,17.34863145990579,0.1123444410146693,11.480313753330432,277.74928157659724,9.596643389601175
0.0,0.0,9.370883176990349,0.0,0.0,0.5,-87.14979832857439,17.827903099267598,0.11863741487895253,11.524638278773791,276.8589891197403,9.585432787236035
0.0,0.0,9.42088317699035,0.0,0.0,0.5,-87.2281836843101,18.306594792538494,0.12509394320385087,11.568902209038159,275.94473027415927,9.573833865417788
0.0,0.0,9.47088317699035,0.0,0.0,0.5,-87.3024216790007,18.78468751087421,0.13171313738886317,11.613106552949098,275.0065366970216,9.561854366714194
0.0,0.0,9.52088317699035,0.0,0.0,0.5,-87.37283396114857,19.262162576156694,0.13849408749703543,11.65725218557939,274.04444084374325,9.549501305649535
0.0,0.0,9.570883176990352,0.0,0.0,0.5,-87.43970977793498,19.7390016303215,0.1454358625136659,11.701339861955653,273.05847596597306,9.536781083295985
0.0,0.0,9.620883176990352,0.0,0.0,0.5,-87.50330995221118,20.21518660943771,0.15253751061144027,11.74537022910051,272.0486761091177,9.523699582324035
0.0,0.0,9.670883176990353,0.0,0.0,0.5,-87.56387028812419,20.6906997217482,0.15979805942172562,11.78934383664762,271.01507610946686,9.510262246209685
0.0,0.0,9.720883176990354,0.0,0.0,0.5,-87.62160449884719,21.165523429024383,0.16721651631177314,11.833261146228379,269.95771159096785,9.496474145523528
0.0,0.0,9.770883176990354,0.0,0.0,0.5,-87.67670673281879,21.639640430706194,0.17479186866759971,11.877122539797583,268.8766189616896,9.482340033636099
0.0,0.0,9.820883176990355,0.0,0.0,0.5,-87.7293537612546,22.113033650391568,0.1825230841823313,11.920928327039318,267.77183541000966,9.467864393707337
0.0,0.0,9.870883176990356,0.0,0.0,0.5,-87.7797068787324,22.585686224314905,0.1904091111498028,11.964678751972945,266.64339890055237,9.453051478466612
0.0,0.0,9.920883176990356,0.0,0.0,0.5,-87.82791355979651,23.057581491515023,0.1984488787632183,12.008373998861195,265.49134816990113,9.437905344002225
0.0,0.0,9.970883176990357,0.0,0.0,0.5,-87.8741089073388,23.528702985442614,0.20664129741868104,12.052014197507527,264.3157227221053,9.422429878551677
0.0,0.0,10.020883176990358,0.0,0.0,0.5,-87.91841692264943,23.999034426797856,0.21498525902340998,12.09559942801747,263.1165628239983,9.406628827104706
0.0,0.0,10.070883176990359,0.0,0.0,0.5,-87.96095162222733,24.46855971742205,0.2234796373084625,12.13912972508824,261.8939095003413,9.390505812483747
0.0,0.0,10.12088317699036,0.0,0.0,0.5,-88.00181802248682,24.93726293509458,0.2321232881457867,12.182605081882048,260.6478045288053,9.374064353450473
0.0,0.0,10.17088317699036,0.0,0.0,0.5,-88.04111301023102,25.405128329109278,0.24091504986942952,12.226025453531108,259.37829043480235,9.357307880293826
0.0,0.0,10.22088317699036,0.0,0.0,0.5,-88.07892611405319,25.872140316523083,0.24985374360072896,12.269390760315991,258.0854104861752,9.340239748275971
0.0,0.0,10.270883176990361,0.0,0.0,0.5,-88.11534018957119,26.338283478985694,0.2589381735773198,12.31270089055358,256.7692086877539,9.322863249252089
0.0,0.0,10.320883176990362,0.0,0.0,0.5,-88.1504320295149,26.80354256007205,0.268167127485785,12.355955703226257,255.42972977578677,9.30518162172697
0.0,0.0,10.370883176990363,0.0,0.0,0.5,-88.1842729081053,27.2679024630506,0.27753937679778334,12.399155030379985,254.06701921225186,9.28719805957088
0.0,0.0,10.420883176990364,0.0,0.0,0.5,-88.21692906783309,27.73134824902963,0.2870536771094887,12.4422986793156,252.68112317905567,9.268915719580459
0.0,0.0,10.470883176990364,0.0,0.0,0.5,-88.2484621556221,28.193865135431825,0.2967087684841718,12.485386434594618,251.27208857212355,9.250337728043771
0.0,0.0,10.520883176990365,0.0,0.0,0.5,-88.27892961441061,28.655438494753945,0.3065033757977616,12.528418059878398,249.83996299538734,9.23146718644227
0.0,0.0,10.570883176990366,0.0,0.0,0.5,-88.30838503537693,29.116053853574204,0.31643620908721937,12.571393299617247,248.38479475467426,9.212307176405059
0.0,0.0,10.620883176990366,0.0,0.0,0.5,-88.33687847534578,29.575696891774797,0.32650596390156195,12.6143118806042,246.90663285150146,9.192860764011723
0.0,0.0,10.670883176990367,0.0,0.0,0.5,-88.36445674332569,30.03435344195117,0.3367113216553688,12.657173513406486,245.40552697677987,9.1731310035273
0.0,0.0,10.720883176990368,0.0,0.0,0.5,-88.39116365962246,30.49200948898324,0.34705094998461095,12.6999778936863,243.88152750443103,9.153120940641285
0.0,0.0,10.770883176990369,0.0,0.0,0.5,-88.4170402905424,30.948651169746828,0.35752350310463665,12.742724703421189,242.33468548492024,9.132833615271648
0.0,0.0,10.82088317699037,0.0,0.0,0.5,-88.44212516132565,31.404264772946203,0.3681276221701532,12.78541361203324,240.7650526387091,9.11227206398736
0.0,0.0,10.87088317699037,0.0,0.0,0.5,-88.46645444962924,31.858836739050954,0.3788619356370413,12.828044277435351,239.17268134963072,9.091439322094898
0.0,0.0,10.92088317699037,0.0,0.0,0.5,-88.49006216160097,32.312353660322394,0.3897250596258407,12.870616347001896,237.55762465819006,9.070338425428671
0.0,0.0,10.970883176990371,0.0,0.0,0.5,-88.51298029234415,32.76480228091643,0.4007155982867474,12.913129458470424,235.9199362547927,9.048972411880541
0.0,0.0,11.020883176990372,0.0,0.0,0.5,-88.53523897236376,33.2161694970513,0.4118321441659612,12.95558324078033,234.25967047290422,9.02734432269726
0.0,0.0,11.070883176990373,0.0,0.0,0.5,-88.55686660140206,33.66644235722998,0.42307327857322485,12.997977314853822,232.57688228214306,9.005457203573584
0.0,0.0,11.120883176990374,0.0,0.0,0.5,-88.5778899709123,34.11560806250814,0.4344375719503961,13.04031129432401,230.87162728130917,8.983314105562968
0.0,0.0,11.170883176990374,0.0,0.0,0.5,-88.59833437627982,34.56365396679949,0.445923584240896,13.082584786214467,229.1439616913511,8.960918085826975
0.0,0.0,11.220883176990375,0.0,0.0,0.5,-88.61822371977816,35.010567577211475,0.45752986525987527,13.12479739157417,227.3939423482737,8.938272208239525
0.0,0.0,11.270883176990376,0.0,0.0,0.5,-88.63758060513983,35.456336554404714,0.469254955064946,13.166948706071395,225.62162669598874,8.915379543864661
0.0,0.0,11.320883176990376,0.0,0.0,0.5,-88.65642642452826,35.90094871297059,0.4810973843273216,13.209038320549785,223.82707277911092,8.892243171317363
0.0,0.0,11.370883176990377,0.0,0.0,0.5,-88.6747814386132,36.34439202182178,0.4930556747032137,13.251065821549506,222.01033923570137,8.86886617702375
0.0,0.0,11.420883176990378,0.0,0.0,0.5,-88.69266485037943,36.78665460459122,0.5051283392053341,13.29303079179616,220.17148528996069,8.845251655388624
0.0,0.0,11.470883176990379,0.0,0.0,0.5,-88.71009487323352,37.22772474003532,0.5173138825743512,13.334932810659868,218.3105707448741,8.821402708881878
0.0,0.0,11.52088317699038,0.0,0.0,0.5,-88.72708879391566,37.66759086243784,0.529610801650152,13.376771454586745,216.42765597481028,8.797322448050284
0.0,0.0,11.57088317699038,0.0,0.0,0.5,-88.74366303067322,38.106241562011064,0.5420175857427624,13.418546297504742,214.5228019180765,8.773013991464342
0.0,0.0,11.62088317699038,0.0,0.0,0.5,-88.75983318710709,38.54366558529135,0.55453271700278,13.460256911205732,212.59607006943185,8.7484804656056
0.0,0.0,11.670883176990381,0.0,0.0,0.5,-88.7756141020616,38.979851835526425,0.5671546707911759,13.501902865705503,210.64752247256055,8.723725004701368
0.0,0.0,11.720883176990382,0.0,0.0,0.5,-88.79101989589307,39.414789373051995,0.5798819160483216,13.543483729583183,208.67722171250782,8.698750750511284
0.0,0.0,11.770883176990383,0.0,0.0,0.5,-88.80606401341998,39.8484674156556,0.592712915662103,13.584999070301546,206.6852309080796,8.673560852071935
0.0,0.0,11.820883176990383,0.0,0.0,0.5,-88.82075926382903,40.280875338925725,0.6056461268349794,13.626448454509436,204.6716137042089,8.648158465402409
0.0,0.0,11.870883176990384,0.0,0.0,0.5,-88.83511785778585,40.71200267658457,0.6186800014498548,13.66783144832756,202.63643426429007,8.62254675317674
0.0,0.0,11.920883176990385,0.0,0.0,0.5,-88.8491514419762,41.14183912080281,0.6318129864346228,13.709147617618692,200.57975726248344,8.596728884364657
0.0,0.0,11.970883176990386,0.0,0.0,0.5,-88.86287113128277,41.57037452249509,0.6450435241252562,13.750396528243327,198.50164787599203,8.570708033845468
0.0,0.0,12.020883176990386,0.0,0.0,0.5,-88.87628753878414,41.99759889159494,0.658370052627307,13.791577746301686,196.40217177731228,8.544487381996952
0.0,0.0,12.070883176990387,0.0,0.0,0.5,-88.8894108037462,42.423502397308106,0.6717910061756909,13.832690838362954,194.2813951264607,8.518070114263189
0.0,0.0,12.120883176990388,0.0,0.0,0.5,-88.90225061776074,42.84807536834325,0.6853048154926309,13.87373537168252,192.13938456317842,8.491459420702817
0.0,0.0,12.170883176990388,0.0,0.0,0.5,-88.9148162491729,43.27130829311922,0.698909908143633,13.914710914407946,189.97620719911558,8.46465849551921
0.0,0.0,12.22088317699039,0.0,0.0,0.5,-88.9271165659266,43.693191819948055,0.7126047088913742,13.955617035774372,187.7919306099969,8.437670536576597
0.0,0.0,12.27088317699039,0.0,0.0,0.5,-88.93916005694635,44.11371675719322,0.7263876400473861,13.99645330628993,185.5866228277712,8.410498744903117
0.0,0.0,12.32088317699039,0.0,0.0,0.5,-88.95095485216355,44.53287407340226,0.7402571218214116,14.037219297911788,183.36035233274572,8.38314632418078
0.0,0.0,12.370883176990391,0.0,0.0,0.5,-88.96250874128648,44.9506548974136,0.7542115726683265,14.077914584213353,181.11318804570774,8.355616480226638
0.0,0.0,12.420883176990392,0.0,0.0,0.5,-88.97382919140506,45.367050518436876,0.7682494096325103,14.118538740543105,178.845199320035,8.327912420465418
0.0,0.0,12.470883176990393,0.0,0.0,0.5,-88.98492336351376,45.78205238610658,0.782369048689559,14.159091344175565,176.55645593379674,8.300037353393915
0.0,0.0,12.520883176990393,0.0,0.0,0.5,-88.99579812802956,46.195652110508554,0.7965689050852309,14.199571974454791,174.24702808184722,8.271994488039407
0.0,0.0,12.570883176990394,0.0,0.0,0.5,-89.00646007937553,46.6078414621793,0.8108473936715265,14.239980212930831,171.9169863679132,8.24378703341483
0.0,0.0,12.620883176990395,0.0,0.0,0.5,-89.01691554969484,47.018612372077655,0.8252029292397938,14.280315643489487,169.56640179667758,8.215418197966951
0.0,0.0,12.670883176990396,0.0,0.0,0.5,-89.02717062175536,47.427956931528875,0.8396339268507667,14.320577852475747,167.19534576586028,8.186891189024292
0.0,0.0,12.720883176990396,0.0,0.0,0.5,-89.03723114109978,47.83586739214095,0.8541388021614376,14.360766428811205,164.80389005829878,8.15820921224133
0.0,0.0,12.770883176990397,0.0,0.0,0.5,-89.04710272749244,48.242336165693054,0.8687159717486715,14.400880964105781,162.3921068340293,8.129375471042009
0.0,0.0,12.820883176990398,0.0,0.0,0.5,-89.0567907857097,48.64735582399619,0.8833638534294714,14.440921052764015,159.9600686223709,8.100393166062672
0.0,0.0,12.870883176990398,0.0,0.0,0.5,-89.06630051571747,49.05091909872591,0.8980808665778055,14.480886292086206,157.5078483140135,8.071265494594284
0.0,0.0,12.9208831769904,0.0,0.0,0.5,-89.07563692227619,49.453018881227294,0.9128654324379145,14.520776282364633,155.03551915311212,8.041995650027502
0.0,0.0,12.9708831769904,0.0,0.0,0.5,-89.08480482401022,49.853648222292136,0.9277159744340153,14.560590626975106,152.54315472938842,8.012586821296736
0.0,0.0,13.0208831769904,0.0,0.0,0.5,-89.09380886197648,50.25280033190852,0.9426309184763197,14.600328932464066,150.0308289702414,7.983042192327503
0.0,0.0,13.070883176990401,0.0,0.0,0.5,-89.10265350776409,50.650468578982846,0.9576086932632949,14.63999080863141,147.49861613286865,7.9533649414864565
0.0,0.0,13.120883176990402,0.0,0.0,0.5,-89.11134307115474,51.046646491034565,0.9726477305800914,14.679575868609273,144.9465907963999,7.923558241034272
0.0,0.0,13.170883176990403,0.0,0.0,0.5,-89.11988170737139,51.44132775386361,0.9877464655930649,14.719083728936917,142.3748278540443,7.8936252565808065
0.0,0.0,13.220883176990403,0.0,0.0,0.5,-89.1282734239408,51.834506211190934,1.0029033371403284,14.75851400963191,139.78340250525272,7.8635691465463555
0.0,0.0,13.270883176990404,0.0,0.0,0.5,-89.13652208719367,52.22617586427221,1.0181167880182658,14.797866334257751,137.17239024789708,7.833393061625347
0.0,0.0,13.320883176990405,0.0,0.0,0.5,-89.14463142842465,52.616330871485,1.0333852652639457,14.837140329988106,134.54186687046752,7.803100144255697
0.0,0.0,13.370883176990406,0.0,0.0,0.5,-89.15260504973259,53.00496554788965,1.048707220433377,14.876335627667759,131.89190844428938,7.772693528092876
0.0,0.0,13.420883176990406,0.0,0.0,0.5,-89.16044642956047,53.39207436476412,1.0640811098755496,14.91545186187046,129.22259131576132,7.742176337489358
0.0,0.0,13.470883176990407,0.0,0.0,0.5,-89.16815892795269,53.77765194911313,1.0795053950022042,14.954488670953763,126.53399209861558,7.711551686980049
0.0,0.0,13.520883176990408,0.0,0.0,0.5,-89.17574579154648,54.1616930831518,1.0949785425532828,14.993445697110982,123.8261876662023,7.680822680773393
0.0,0.0,13.570883176990408,0.0,0.0,0.5,-89.18321015831289,54.544192703764246,1.110499024858009,15.032322586420383,121.09925514379893,7.649992412248741
0.0,0.0,13.620883176990409,0.0,0.0,0.5,-89.19055506206215,54.92514590193726,1.1260653200915587,15.07111898889172,118.35327190094615,7.61906396346024
0.0,0.0,13.67088317699041,0.0,0.0,0.5,-89.19778343672655,55.30454792216966,1.141675912527267,15.109834558510205,115.5883155438117,7.588040404647848
0.0,0.0,13.72088317699041,0.0,0.0,0.5,-89.20489812043398,55.682394161857395,1.1573292927843468,15.148468953278012,112.80446390758317,7.556924793754582
0.0,0.0,13.770883176990411,0.0,0.0,0.5,-89.21190185938362,56.05868017065498,1.1730239580710657,15.187021835253423,110.00179504889132,7.525720175951598
0.0,0.0,13.820883176990412,0.0,0.0,0.5,-89.21879731153508,56.433401649813504,1.1887584124233632,15.22549287058767,107.18038723826496,7.494429583170366
0.0,0.0,13.870883176990413,0.0,0.0,0.5,-89.22558705012143,56.806554451495614,1.2045311669388608,15.263881729559595,104.34031895261866,7.463056033642098
0.0,0.0,13.920883176990413,0.0,0.0,0.5,-89.23227356699564,57.17813457806788,1.220340740006247,15.30218808660816,101.48166886777459,7.4316025314452725
0.0,0.0,13.970883176990414,0.0,0.0,0.5,-89.23885927581979,57.548138181370966,1.236185657530009,15.34041162036293,98.60451585101949,7.400072066061549
0.0,0.0,14.020883176990415,0.0,0.0,0.5,-89.24534651510544,57.91656156196785,1.2520644531504803,15.378552013672563,95.70893895369808,7.368467611937641
0.0,0.0,14.070883176990415,0.0,0.0,0.5,-89.25173755111338,58.283401168370766,1.267975668459193,15.416608953631378,92.79501740384394,7.336792128058145
0.0,0.0,14.120883176990416,0.0,0.0,0.5,-89.25803458062006,58.64865359624698,1.283917853209509,15.454582131604107,89.86283059884902,7.3050485575241835
0.0,0.0,14.170883176990417,0.0,0.0,0.5,-89.26423973355801,59.012315587604085,1.2998895655225176,15.49247124324882,86.91245809817279,7.273239827142003
0.0,0.0,14.220883176990418,0.0,0.0,0.5,-89.27035507553676,59.37438402995503,1.3158893720881844,15.530275988538156,83.94397961609224,7.241368847018816
0.0,0.0,14.270883176990418,0.0,0.0,0.5,-89.27638261025055,59.734855955463445,1.33191584836174,15.567996071778854,80.9574750144935,7.209438510168167
0.0,0.0,14.320883176990419,0.0,0.0,0.5,-89.28232428177883,60.09372854006965,1.3479675787553032,15.60563120162969,77.9530242957064,7.177451692123964
0.0,0.0,14.37088317699042,0.0,0.0,0.5,-89.28818197678481,60.450999102597734,1.3640431568247275,15.643181091117834,74.93070759538273,7.1454112505616205
0.0,0.0,14.42088317699042,0.0,0.0,0.5,-89.29395752661766,60.80666510384425,1.38014118545167,15.680645457653688,71.89060517541921,7.113320024930273
0.0,0.0,14.470883176990421,0.0,0.0,0.5,-89.29965270932288,61.160724145648864,1.3962602770208818,15.718024023044261,68.83279741692621,7.081180836092115
0.0,0.0,14.520883176990422,0.0,0.0,0.5,-89.30526925156582,61.513173969947424,1.4123990535927176,15.755316513505115,65.75736481324294,7.048996485971101
0.0,0.0,14.570883176990423,0.0,0.0,0.5,-89.31080883047237,61.86401245780799,1.4285561470708714,15.792522659670928,62.66438796300024,7.016769757211179
0.0,0.0,14.620883176990423,0.0,0.0,0.5,-89.31627307539127,62.21323762845011,1.44473019936534,15.829642196604722,59.55394756323157,6.984503412842329
0.0,0.0,14.670883176990424,0.0,0.0,0.5,-89.32166356958164,62.56084763824793,1.460919862550622,15.866674863805788,56.42612440253331,6.952200195956281
0.0,0.0,14.720883176990425,0.0,0.0,0.5,-89.3269818518296,62.90684077971751,1.4771237990191664,15.90362040521635,53.280999354274975,6.919862829391591
0.0,0.0,14.770883176990425,0.0,0.0,0.5,-89.33222941799727,63.25121548048885,1.4933406816300743,15.940478569227013,50.11865336986022,6.887494015426698
0.0,0.0,14.820883176990426,0.0,0.0,0.5,-89.33740772250759,63.593970302263,1.5095691938530753,15.977249108681011,46.93916747203942,6.855096435482908
0.0,0.0,14.870883176990427,0.0,0.0,0.5,-89.34251817976791,63.9351039397548,1.5258080299077892,16.013931780877318,43.74262274827456,6.822672749835919
0.0,0.0,14.920883176990428,0.0,0.0,0.5,-89.34756216553534,64.27461521962164,1.54205589489829,16.05052634757262,40.52910034415712,6.790225597336575
0.0,0.0,14.970883176990428,0.0,0.0,0.5,-89.35254101822659,64.61250309937867,1.5583115049429976,16.087032574982224,37.298681456879706,6.757757595140578
0.0,0.0,15.020883176990429,0.0,0.0,0.5,-89.35745604017497,64.94876666630105,1.5745735872999127,16.12345023377989,34.05144732876205,6.725271338447573
0.0,0.0,15.07088317699043,0.0,0.0,0.5,-89.36230849883691,65.28340513631345,1.5908408804872156,16.159779099096657,30.787479240832088,6.692769400247774
0.0,0.0,15.12088317699043,0.0,0.0,0.5,-89.36709962795051,65.61641785286749,1.6071121343992685,16.19601895051865,27.506858506462677,6.6602543310806555
0.0,0.0,15.170883176990431,0.0,0.0,0.5,-89.37183062864814,65.94780428580736,1.6233861104180218,16.232169572083944,24.20966646506463,6.6277286587974995
0.0,0.0,15.220883176990432,0.0,0.0,0.5,-89.3765026705254,66.27756403022435,1.6396615815198852,16.268230752278473,20.895984475836556,6.595194888339696
0.0,0.0,15.270883176990433,0.0,0.0,0.5,-89.38111689266826,66.60569680530028,1.6559373323780624,16.304202284031028,17.565893911572175,6.562655501518484
0.0,0.0,15.320883176990433,0.0,0.0,0.5,-89.38567440464035,66.93220245314079,1.6722121594604031,16.340083964707368,14.219476152525537,6.530112956810022
0.0,0.0,15.370883176990434,0.0,0.0,0.5,-89.39017628743227,67.25708093759852,1.6884848711227942,16.375875596103477,10.856812580334733,6.497569689154453
0.0,0.0,15.420883176990435,0.0,0.0,0.5,-89.39462359437432,67.58033234308684,1.7047542876981268,16.411576984437957,7.477984572004553,6.4650281097663305
0.0,0.0,15.470883176990435,0.0,0.0,0.5,-89.3990173520148,67.9019568733845,1.7210192415808778,16.447187940343646,4.083073493948571,6.4324906059532845
0.0,0.0,15.520883176990436,0.0,0.0,0.5,-89.40335856096473,68.22195485043164,1.73727857730734,16.482708278858404,0.6721606960910878,6.399959540942655
